{"loss": [0.6266594529151917, 0.39189934730529785, 0.37300512194633484, 0.35380271077156067, 0.35189583897590637, 0.34066665172576904, 0.3413276672363281, 0.3399622142314911, 0.33022987842559814, 0.3248313367366791, 0.3192346692085266, 0.3180701434612274], "val_loss": [0.6696634292602539, 0.6327953338623047, 0.647943913936615, 0.7106525301933289, 0.6377660632133484, 0.6386842727661133, 0.6344500184059143, 0.6539546847343445, 0.648861825466156, 0.6928997039794922, 0.6489055752754211, 0.6556907296180725]}